"Date","Particulars","Party GSTIN/UIN","Vch Type","Vch No.","Taxable Amount","IGST","CGST","SGST/UTGST","Cess","Tax Amount","CostCentre","Sales Invoice Date","Sales Invoice No.","Sales Party","Supplier Invoice No.","Supplier Invoice Date","Invoice Match Key","Sales Status"
"2026-06-01","ABSOLUTE NETWORKS PVT LTD","27AACCA8088R1ZT","Purchase","321/26-27",162000.00,0.00,14580.00,14580.00,0.00,29160.00,,,,,"ANPL-26-27-003374","2026-06-01","ANPL2627003374","COST CENTRE NOT ALLOCATED"
"2026-06-01","ABSOLUTE NETWORKS PVT LTD","27AACCA8088R1ZT","Purchase","320/26-27",198000.00,0.00,17820.00,17820.00,0.00,35640.00,,,,,"ANPL-2627-002326","2026-05-01","ANPL2627002326","COST CENTRE NOT ALLOCATED"
"2026-06-01","ADANI FORWARDING AGENT PRIVATE LIMITED","24AAECB3981A1Z3","Purchase","349/26-27",2400.00,432.00,0.00,0.00,0.00,432.00,"IC 2998/25",,,,"F/AS/I/F27/00687","2026-04-10","FASIF2700687","SALES BILL PENDING"
"2026-06-01","ADANI FORWARDING AGENT PRIVATE LIMITED","24AAECB3981A1Z3","Purchase","350/26-27",1200.00,216.00,0.00,0.00,0.00,216.00,"IC 0083/26","2026-06-09","S/21/A/26-27","CELLO WORLD LTD","F/AS/I/F27/03466","2026-05-14","FASIF2703466","SALES BILL FOUND"
"2026-06-01","DIVVYA CPP PRIVATE LIMITED","27AAICD1745L1ZE","Purchase","476/26-27",6250.00,0.00,562.50,562.50,0.00,1125.00,"EX 0065/26","2026-06-18","1055/A/26-27","LINK LOGISTICS","CPP/26-27/11670","2026-06-01","CPP262711670","SALES BILL FOUND"
"2026-06-01","IMPEX CLEARING SERVICES PRIVATE LIMITED","23AACCI2614P1ZL","Purchase","427/26-27",4600.00,828.00,0.00,0.00,0.00,828.00,"PEX","2026-06-11","939/A/26-27","LARSEN & TOUBRO LIMITED - PITHAMPUR","ICD-0238/26-27","2026-05-28","ICD02382627","SALES BILL FOUND"
"2026-06-01","IMPEX CLEARING SERVICES PRIVATE LIMITED","23AACCI2614P1ZL","Purchase","429/26-27",4600.00,828.00,0.00,0.00,0.00,828.00,"PEX","2026-06-11","939/A/26-27","LARSEN & TOUBRO LIMITED - PITHAMPUR","ICD-0239/26-27","2026-05-28","ICD02392627","SALES BILL FOUND"
"2026-06-01","IMPEX CLEARING SERVICES PRIVATE LIMITED","23AACCI2614P1ZL","Purchase","428/26-27",9100.00,1638.00,0.00,0.00,0.00,1638.00,"PEX","2026-06-11","939/A/26-27","LARSEN & TOUBRO LIMITED - PITHAMPUR","ICD-0240/26-27","2026-05-28","ICD02402627","SALES BILL FOUND"
"2026-06-01","IMPEX CLEARING SERVICES PRIVATE LIMITED","23AACCI2614P1ZL","Purchase","430/26-27",4600.00,828.00,0.00,0.00,0.00,828.00,"PEX","2026-06-11","939/A/26-27","LARSEN & TOUBRO LIMITED - PITHAMPUR","ICD-0241/26-27","2026-05-28","ICD02412627","SALES BILL FOUND"
"2026-06-01","IMPEX CLEARING SERVICES PRIVATE LIMITED","23AACCI2614P1ZL","Purchase","431/26-27",3100.00,558.00,0.00,0.00,0.00,558.00,"PEX","2026-06-11","939/A/26-27","LARSEN & TOUBRO LIMITED - PITHAMPUR","ICD-0242/26-27","2026-05-28","ICD02422627","SALES BILL FOUND"
"2026-06-01","India Advantage Securities Pvt. Ltd","27AADCP5317M1Z5","Purchase","306/26-27",215000.00,0.00,19350.00,19350.00,0.00,38700.00,,,,,"MH0626SVA0000002","2026-06-01","MH0626SVA0000002","COST CENTRE NOT ALLOCATED"
"2026-06-01","MARATHA CARGO MOVERS","","Purchase","423/26-27",24400.00,0.00,0.00,0.00,0.00,0.00,"IC 0316/26","2026-06-08","856/26-27","APEX INOX ENTERPRISES","11052","2026-06-01","11052","SALES BILL FOUND"
"2026-06-01","MUMBAI PORT TRUST - GATE PASS","27AAATM5001D1Z6","Purchase","589/26-27",39.00,0.00,3.51,3.51,0.00,7.02,,,,,"2627ACO000050902","2026-06-01","2627ACO000050902","COST CENTRE NOT ALLOCATED"
"2026-06-01","MUMBAI PORT TRUST - GATE PASS","27AAATM5001D1Z6","Purchase","590/26-27",13.00,0.00,1.17,1.17,0.00,2.34,,,,,"2627ACO000050966","2026-06-01","2627ACO000050966","COST CENTRE NOT ALLOCATED"
"2026-06-01","PARAMOUNT SHIPPING SERVICES PVT LTD.","33AAECP5649R1ZQ","Purchase","324/26-27",3045.80,548.24,0.00,0.00,0.00,548.24,"CH 0561/25",,,,"GST-00110-26-27","2026-04-03","GST001102627","SALES BILL PENDING"
"2026-06-01","PARAMOUNT SHIPPING SERVICES PVT LTD.","33AAECP5649R1ZQ","Purchase","325/26-27",2660.00,478.80,0.00,0.00,0.00,478.80,"CH 0546/25",,,,"GST-01049-26-27","2026-04-18","GST010492627","SALES BILL PENDING"
"2026-06-01","PARAMOUNT SHIPPING SERVICES PVT LTD.","33AAECP5649R1ZQ","Purchase","326/26-27",26270.20,4728.64,0.00,0.00,0.00,4728.64,"CH 0008/26",,,,"GST-01250-26-27","2026-04-22","GST012502627","SALES BILL PENDING"
"2026-06-01","PARAMOUNT SHIPPING SERVICES PVT LTD.","33AAECP5649R1ZQ","Purchase","327/26-27",3745.00,674.10,0.00,0.00,0.00,674.10,"CH 0009/26",,,,"GST-01256-26-27","2026-04-22","GST012562627","SALES BILL PENDING"
"2026-06-01","PARAMOUNT SHIPPING SERVICES PVT LTD.","33AAECP5649R1ZQ","Purchase","328/26-27",2950.95,531.17,0.00,0.00,0.00,531.17,"CH 0012/26",,,,"GST-01445-26-27","2026-04-25","GST014452627","SALES BILL PENDING"
"2026-06-01","PARAMOUNT SHIPPING SERVICES PVT LTD.","33AAECP5649R1ZQ","Purchase","329/26-27",3745.00,674.10,0.00,0.00,0.00,674.10,"CH 0016/26",,,,"GST-01448-26-27","2026-04-25","GST014482627","SALES BILL PENDING"
"2026-06-01","PARAMOUNT SHIPPING SERVICES PVT LTD.","33AAECP5649R1ZQ","Purchase","330/26-27",17450.00,3141.00,0.00,0.00,0.00,3141.00,"CH 0527/25",,,,"GST-01454-26-27","2026-04-25","GST014542627","SALES BILL PENDING"
"2026-06-01","PARAMOUNT SHIPPING SERVICES PVT LTD.","33AAECP5649R1ZQ","Purchase","323/26-27",90600.00,16308.00,0.00,0.00,0.00,16308.00,"CH 0031/26","2026-06-12","957/A/26-27","LARSEN & TOUBRO LTD. (COIMBATORE)","GST-02762-26-27","2026-05-13","GST027622627","SALES BILL FOUND"
"2026-06-01","PARAMOUNT SHIPPING SERVICES PVT LTD.","33AAECP5649R1ZQ","Purchase","331/26-27",13100.00,2358.00,0.00,0.00,0.00,2358.00,"CH 0044/26",,,,"GST-03295-26-27","2026-05-19","GST032952627","SALES BILL PENDING"
"2026-06-01","PARAMOUNT SHIPPING SERVICES PVT LTD.","33AAECP5649R1ZQ","Purchase","332/26-27",15700.00,2826.00,0.00,0.00,0.00,2826.00,"CH 0040/26",,,,"GST-03304-26-27","2026-05-19","GST033042627","SALES BILL PENDING"
"2026-06-01","PARAMOUNT SHIPPING SERVICES PVT LTD.","33AAECP5649R1ZQ","Purchase","335/26-27",30000.00,5400.00,0.00,0.00,0.00,5400.00,,,,,"GST-03531-26-27","2026-05-21","GST035312627","COST CENTRE NOT ALLOCATED"
"2026-06-01","PARAMOUNT SHIPPING SERVICES PVT LTD.","33AAECP5649R1ZQ","Purchase","334/26-27",2645.05,476.11,0.00,0.00,0.00,476.11,"CH 0050/26","2026-06-12","958/26-27","LARSEN AND TOUBRO LIMITED, LT ENERGY HYDROCARBON - HPCL RUF","GST-03756-26-27","2026-05-23","GST037562627","SALES BILL FOUND"
"2026-06-01","PARAMOUNT SHIPPING SERVICES PVT LTD.","33AAECP5649R1ZQ","Purchase","333/26-27",4000.00,720.00,0.00,0.00,0.00,720.00,"CHEX 0005/26","2026-06-12","956/A/26-27","LARSEN & TOUBRO LIMITED - LTSB","GST-04315-26-27","2026-06-01","GST043152627","SALES BILL FOUND"
"2026-06-01","RBG ENTERPRISES","27ABCFR2127A1ZR","Purchase","606/26-27",260.00,0.00,6.50,6.50,0.00,13.00,,,,,"3251","2026-06-01","3251","COST CENTRE NOT ALLOCATED"
"2026-06-01","RYSUN LABS PRIVATE LIMITED","24AADCK2319L1ZM","Purchase","426/26-27",25000.00,4500.00,0.00,0.00,0.00,4500.00,,,,,"RL-2627-051","2026-05-25","RL2627051","COST CENTRE NOT ALLOCATED"
"2026-06-01","RYSUN LABS PRIVATE LIMITED","24AADCK2319L1ZM","Purchase","308/26-27",150000.00,27000.00,0.00,0.00,0.00,27000.00,,,,,"RL-2627-057","2026-05-31","RL2627057","COST CENTRE NOT ALLOCATED"
"2026-06-01","SHREE MARUTI INTEGRATED LOGISTICS LIMITED","27AABCM9407D2ZL","Purchase","312/26-27",10667.40,0.00,960.07,960.07,0.00,1920.14,,,,,"2627/271892/0055","2026-04-30","26272718920055","COST CENTRE NOT ALLOCATED"
"2026-06-01","SHREE MARUTI INTEGRATED LOGISTICS LIMITED","27AABCM9407D2ZL","Purchase","382/26-27",7488.80,0.00,673.99,673.99,0.00,1347.98,,,,,"2627/271892/0103","2026-05-31","26272718920103","COST CENTRE NOT ALLOCATED"
"2026-06-01","SPEEDY MULTIMODES LTD.","27AABCS4966R1ZH","Purchase","311/26-27",132000.00,0.00,11880.00,11880.00,0.00,23760.00,"EX 0047/26",,,,"EPI000153/26-27S","2026-06-01","EPI0001532627S","SALES BILL PENDING"
"2026-06-01","SPEEDY MULTIMODES LTD.","27AABCS4966R1ZH","Purchase","309/26-27",52000.00,0.00,4680.00,4680.00,0.00,9360.00,"EX 0067/26",,,,"EPI000154/26-27S","2026-06-01","EPI0001542627S","SALES BILL PENDING"
"2026-06-01","SPEEDY MULTIMODES LTD.","27AABCS4966R1ZH","Purchase","310/26-27",26000.00,0.00,2340.00,2340.00,0.00,4680.00,"EX 0066/26","2026-06-18","1056/A/26-27","LINK LOGISTICS","EPI000155/26-27S","2026-06-01","EPI0001552627S","SALES BILL FOUND"
"2026-06-01","SPEEDY MULTIMODES LTD.","27AABCS4966R1ZH","Purchase","477/26-27",120000.00,0.00,10800.00,10800.00,0.00,21600.00,"EX 0052/26","2026-06-10","909/A/26-27","LINK LOGISTICS","EPI000157/26-27S","2026-06-01","EPI0001572627S","SALES BILL FOUND"
"2026-06-01","VEGITH HR SERVICES PRIVATE LIMITED","19AAICV8889P1ZU","Purchase","316/26-27",23340.00,4201.20,0.00,0.00,0.00,4201.20,,,,,"VHR/26-27/150","2026-05-31","VHR2627150","COST CENTRE NOT ALLOCATED"
"2026-06-02","MUMBAI PORT TRUST - GATE PASS","27AAATM5001D1Z6","Purchase","591/26-27",91.00,0.00,8.19,8.19,0.00,16.38,,,,,"2627ACO000051358","2026-06-02","2627ACO000051358","COST CENTRE NOT ALLOCATED"
"2026-06-02","MUMBAI PORT TRUST - PORTEBS","27AAATM5001D1Z6","Purchase","458/26-27",82055.90,0.00,7385.03,7385.03,0.00,14770.06,"IC 0441/26","2026-06-12","S/23/A/26-27","LARSEN & TOUBRO LTD - HED HAZIRA","9010065900","2026-06-02","9010065900","SALES BILL FOUND"
"2026-06-02","NEILSHIV LOGISTICS LLP","27AAXFN0010E1ZI","Purchase","383/26-27",17700.00,0.00,0.00,0.00,0.00,0.00,"IC 0233/26","2026-06-02","774/26-27","LARSEN & TOUBRO LTD - HED HAZIRA","104/26-27","2026-06-02","1042627","SALES BILL FOUND"
"2026-06-02","NEILSHIV LOGISTICS LLP","27AAXFN0010E1ZI","Purchase","384/26-27",43365.00,0.00,0.00,0.00,0.00,0.00,"IC 0233/26","2026-06-02","774/26-27","LARSEN & TOUBRO LTD - HED HAZIRA","105/26-27","2026-06-02","1052627","SALES BILL FOUND"
"2026-06-02","NEILSHIV LOGISTICS LLP","27AAXFN0010E1ZI","Purchase","385/26-27",25665.00,0.00,0.00,0.00,0.00,0.00,"IC 0233/26","2026-06-02","774/26-27","LARSEN & TOUBRO LTD - HED HAZIRA","106/26-27","2026-06-02","1062627","SALES BILL FOUND"
"2026-06-02","NEILSHIV LOGISTICS LLP","27AAXFN0010E1ZI","Purchase","386/26-27",43365.00,0.00,0.00,0.00,0.00,0.00,"IC 0233/26","2026-06-02","774/26-27","LARSEN & TOUBRO LTD - HED HAZIRA","107/26-27","2026-06-02","1072627","SALES BILL FOUND"
"2026-06-02","NEILSHIV LOGISTICS LLP","27AAXFN0010E1ZI","Purchase","387/26-27",25665.00,0.00,0.00,0.00,0.00,0.00,"IC 0233/26","2026-06-02","774/26-27","LARSEN & TOUBRO LTD - HED HAZIRA","108/26-27","2026-06-02","1082627","SALES BILL FOUND"
"2026-06-02","NEILSHIV LOGISTICS LLP","27AAXFN0010E1ZI","Purchase","388/26-27",25665.00,0.00,0.00,0.00,0.00,0.00,"IC 0233/26","2026-06-02","774/26-27","LARSEN & TOUBRO LTD - HED HAZIRA","109/26-27","2026-06-02","1092627","SALES BILL FOUND"
"2026-06-02","SPEEDY MULTIMODES LTD.","27AABCS4966R1ZH","Purchase","490/26-27",21000.00,0.00,1890.00,1890.00,0.00,3780.00,"EX 0070/26",,,,"EPI000167/26-27S","2026-06-02","EPI0001672627S","SALES BILL PENDING"
"2026-06-03","ABSOLUTE NETWORKS PVT LTD","27AACCA8088R1ZT","Debit Note","DN/3/26-27",-36000.00,0.00,-3240.00,-3240.00,0.00,-6480.00,,,,,"DN/3/26-27","2026-06-03","DN32627","COST CENTRE NOT ALLOCATED"
"2026-06-03","NEILSHIV LOGISTICS LLP","27AAXFN0010E1ZI","Purchase","389/26-27",2596.00,0.00,0.00,0.00,0.00,0.00,"AI 0129/26","2026-06-03","787/26-27","PARAS CHEMCARE","110/26-27","2026-06-03","1102627","SALES BILL FOUND"
"2026-06-03","RELIANCE JIO INFOCOM LTD","27AABCI6363G1ZJ","Purchase","314/26-27",2248.00,0.00,202.32,202.32,0.00,404.64,,,,,"C27E262700077063","2026-06-03","C27E262700077063","COST CENTRE NOT ALLOCATED"
"2026-06-03","SSS ASSOCIATES","27CDKPS7924N1ZL","Purchase","313/26-27",12000.00,0.00,1080.00,1080.00,0.00,2160.00,"EX 0073/26",,,,"SSS/068/2026-27","2026-06-03","SSS068202627","SALES BILL PENDING"
"2026-06-04","AIR INDIA AIR TRANSPORT SERVICES LIMITED","27AAECA6186G1ZJ","Purchase","440/26-27",1332.00,0.00,119.88,119.88,0.00,239.76,"AI 0158/26","2026-06-24","1118/26-27","MODI CHEMPLAST MATERIALS PVT LTD.","BOMIB2627026559","2026-06-04","BOMIB2627026559","SALES BILL FOUND"
"2026-06-04","JET SERVICES","27AFVPG8767N1Z9","Purchase","339/26-27",6000.00,0.00,540.00,540.00,0.00,1080.00,,,,,"45312","2026-06-04","45312","COST CENTRE NOT ALLOCATED"
"2026-06-04","OM SAI LOGISTICS","27DFIPA0319N1ZH","Purchase","425/26-27",4000.00,0.00,360.00,360.00,0.00,720.00,"EX 0065/26","2026-06-18","1055/A/26-27","LINK LOGISTICS","OSL-346","2026-06-04","OSL346","SALES BILL FOUND"
"2026-06-04","PARAMOUNT SHIPPING SERVICES PVT LTD.","33AAECP5649R1ZQ","Purchase","432/26-27",13100.00,2358.00,0.00,0.00,0.00,2358.00,"CH 0051/26","2026-06-18","1036/26-27","GPS RENEWABLES PRIVATE LIMITED","GST-04693-26-27","2026-06-04","GST046932627","SALES BILL FOUND"
"2026-06-04","PARAMOUNT SHIPPING SERVICES PVT LTD.","33AAECP5649R1ZQ","Purchase","433/26-27",18500.00,3330.00,0.00,0.00,0.00,3330.00,"CH 0021/26","2026-06-18","1037/A/26-27","LARSEN & TOUBRO LTD. (COIMBATORE)","GST-04694-26-27","2026-06-04","GST046942627","SALES BILL FOUND"
"2026-06-04","PARAMOUNT SHIPPING SERVICES PVT LTD.","33AAECP5649R1ZQ","Purchase","434/26-27",2200.00,396.00,0.00,0.00,0.00,396.00,"CH 0023/26","2026-06-18","1038/A/26-27","LARSEN & TOUBRO LTD. (COIMBATORE)","GST-04695-26-27","2026-06-04","GST046952627","SALES BILL FOUND"
"2026-06-04","PARAMOUNT SHIPPING SERVICES PVT LTD.","33AAECP5649R1ZQ","Purchase","435/26-27",27749.96,4994.99,0.00,0.00,0.00,4994.99,"CH 0048/26","2026-06-18","1041/26-27","LARSEN & TOUBRO LIMITED - LTSB","GST-04701-26-27","2026-06-04","GST047012627","SALES BILL FOUND"
"2026-06-05","DIVVYA CPP PRIVATE LIMITED","27AAICD1745L1ZE","Purchase","317/26-27",8050.00,0.00,724.50,724.50,0.00,1449.00,"EX 0076/26",,,,"CPP/26-27/12704","2026-06-05","CPP262712704","SALES BILL PENDING"
"2026-06-05","NEILSHIV LOGISTICS LLP","27AAXFN0010E1ZI","Purchase","390/26-27",2596.00,0.00,0.00,0.00,0.00,0.00,"AI 0148/26","2026-06-05","841/26-27","ALLIED SAFETY EQUIPMENTS PVT LTD","111/26-27","2026-06-05","1112627","SALES BILL FOUND"
"2026-06-05","NEILSHIV LOGISTICS LLP","27AAXFN0010E1ZI","Purchase","391/26-27",2596.00,0.00,0.00,0.00,0.00,0.00,"AI 0121/26","2026-06-05","844/26-27","PARAS CHEMCARE","112/26-27","2026-06-05","1122627","SALES BILL FOUND"
"2026-06-05","SPEEDY MULTIMODES LTD.","27AABCS4966R1ZH","Purchase","315/26-27",10250.00,0.00,922.50,922.50,0.00,1845.00,"EX 0068/26",,,,"EBI001015/26-27S","2026-06-05","EBI0010152627S","SALES BILL PENDING"
"2026-06-06","AIR INDIA AIR TRANSPORT SERVICES LIMITED","27AAECA6186G1ZJ","Purchase","441/26-27",1878.00,0.00,169.02,169.02,0.00,338.04,"AI 0163/26","2026-06-11","923/26-27","DMN INDIA PRIVATE LIMITED","BOMIB2627027238","2026-06-06","BOMIB2627027238","SALES BILL FOUND"
"2026-06-06","MUMBAI PORT TRUST - GATE PASS","27AAATM5001D1Z6","Purchase","592/26-27",13.00,0.00,1.17,1.17,0.00,2.34,,,,,"2627ACO000053788","2026-06-06","2627ACO000053788","COST CENTRE NOT ALLOCATED"
"2026-06-06","MUMBAI PORT TRUST - PORTEBS","27AAATM5001D1Z6","Purchase","459/26-27",1774.40,0.00,159.70,159.70,0.00,319.40,"IC 0405/26","2026-06-24","1093/26-27","L&T MHI POWER BOILERS PVT LTD","9010066648","2026-06-06","9010066648","SALES BILL FOUND"
"2026-06-06","MUMBAI PORT TRUST - PORTEBS","27AAATM5001D1Z6","Purchase","460/26-27",362906.60,0.00,32661.59,32661.59,0.00,65323.18,"IC 0474/26","2026-06-26","S/26/A/26-27","LARSEN AND TOUBRO LIMITED- HAZIRA (LT ENERGY HYDROCARBON)","9010066740","2026-06-06","9010066740","SALES BILL FOUND"
"2026-06-06","MUMBAI PORT TRUST - PORTEBS","27AAATM5001D1Z6","Purchase","461/26-27",52215.70,0.00,4699.41,4699.41,0.00,9398.82,"IC 0406/26","2026-06-24","1094/26-27","L&T MHI POWER BOILERS PVT LTD","9010066741","2026-06-06","9010066741","SALES BILL FOUND"
"2026-06-06","MUMBAI PORT TRUST - PORTEBS","27AAATM5001D1Z6","Purchase","462/26-27",13016.80,0.00,1171.51,1171.51,0.00,2343.02,"IC 0404/26","2026-06-24","1092/26-27","L&T MHI POWER BOILERS PVT LTD","9010066742","2026-06-06","9010066742","SALES BILL FOUND"
"2026-06-08","AIR INDIA AIR TRANSPORT SERVICES LIMITED","27AAECA6186G1ZJ","Purchase","442/26-27",863.00,0.00,77.67,77.67,0.00,155.34,"AI 0169/26",,,,"BOMIB2627027642","2026-06-08","BOMIB2627027642","SALES BILL PENDING"
"2026-06-08","AIR INDIA AIR TRANSPORT SERVICES LIMITED","27AAECA6186G1ZJ","Purchase","443/26-27",2072.52,0.00,186.53,186.53,0.00,373.06,"AI 0165/26","2026-06-11","924/26-27","CELLO HOUSEWARE PVT LTD","BOMIB2627027688","2026-06-08","BOMIB2627027688","SALES BILL FOUND"
"2026-06-08","MARATHA CARGO MOVERS","","Purchase","424/26-27",48800.00,0.00,0.00,0.00,0.00,0.00,"IC 0342/26","2026-06-12","946/26-27","APEX INOX ENTERPRISES","11060","2026-06-08","11060","SALES BILL FOUND"
"2026-06-08","MUMBAI PORT TRUST - PORTEBS","27AAATM5001D1Z6","Purchase","463/26-27",543.20,0.00,48.89,48.89,0.00,97.78,"IC 0405/26","2026-06-24","1093/26-27","L&T MHI POWER BOILERS PVT LTD","9010066957","2026-06-08","9010066957","SALES BILL FOUND"
"2026-06-08","MUMBAI PORT TRUST - PORTEBS","27AAATM5001D1Z6","Purchase","464/26-27",4190.40,0.00,377.14,377.14,0.00,754.28,"IC 0404/26","2026-06-24","1092/26-27","L&T MHI POWER BOILERS PVT LTD","9010066958","2026-06-08","9010066958","SALES BILL FOUND"
"2026-06-08","MUMBAI PORT TRUST - PORTEBS","27AAATM5001D1Z6","Purchase","465/26-27",16907.10,0.00,1521.64,1521.64,0.00,3043.28,"IC 0406/26","2026-06-24","1094/26-27","L&T MHI POWER BOILERS PVT LTD","9010066959","2026-06-08","9010066959","SALES BILL FOUND"
"2026-06-08","NEILSHIV LOGISTICS LLP","27AAXFN0010E1ZI","Purchase","392/26-27",7080.00,0.00,0.00,0.00,0.00,0.00,"IC 0232/26","2026-06-08","S/19/A/26-27","LARSEN & TOUBRO LTD - HED HAZIRA","114/26-27","2026-06-08","1142627","SALES BILL FOUND"
"2026-06-08","NEILSHIV LOGISTICS LLP","27AAXFN0010E1ZI","Purchase","393/26-27",7080.00,0.00,0.00,0.00,0.00,0.00,"IC 0232/26","2026-06-08","S/19/A/26-27","LARSEN & TOUBRO LTD - HED HAZIRA","115/26-27","2026-06-08","1152627","SALES BILL FOUND"
"2026-06-08","NEILSHIV LOGISTICS LLP","27AAXFN0010E1ZI","Purchase","394/26-27",7080.00,0.00,0.00,0.00,0.00,0.00,"IC 0232/26","2026-06-08","S/19/A/26-27","LARSEN & TOUBRO LTD - HED HAZIRA","116/26-27","2026-06-08","1162627","SALES BILL FOUND"
"2026-06-08","NEILSHIV LOGISTICS LLP","27AAXFN0010E1ZI","Purchase","395/26-27",43365.00,0.00,0.00,0.00,0.00,0.00,"IC 0282/26","2026-06-08","S/20/A/26-27","LARSEN & TOUBRO LTD - HED HAZIRA","117/26-27","2026-06-08","1172627","SALES BILL FOUND"
"2026-06-08","NEILSHIV LOGISTICS LLP","27AAXFN0010E1ZI","Purchase","396/26-27",43365.00,0.00,0.00,0.00,0.00,0.00,"IC 0282/26","2026-06-08","S/20/A/26-27","LARSEN & TOUBRO LTD - HED HAZIRA","118/26-27","2026-06-08","1182627","SALES BILL FOUND"
"2026-06-08","PARAMOUNT SHIPPING SERVICES PVT LTD.","33AAECP5649R1ZQ","Purchase","437/26-27",2660.00,478.80,0.00,0.00,0.00,478.80,"CH 0055/26","2026-06-18","1042/26-27","LARSEN & TOUBRO LIMITED - LTSB","GST-04958-26-27","2026-06-08","GST049582627","SALES BILL FOUND"
"2026-06-08","PARAMOUNT SHIPPING SERVICES PVT LTD.","33AAECP5649R1ZQ","Purchase","438/26-27",2645.05,476.11,0.00,0.00,0.00,476.11,"CH 0068/26","2026-06-18","1040/A/26-27","LARSEN & TOUBRO LTD. (COIMBATORE)","GST-05014-26-27","2026-06-08","GST050142627","SALES BILL FOUND"
"2026-06-08","PARAMOUNT SHIPPING SERVICES PVT LTD.","33AAECP5649R1ZQ","Purchase","436/26-27",2660.00,478.80,0.00,0.00,0.00,478.80,"CH 0017/26","2026-06-18","1043/26-27","LARSEN & TOUBRO LIMITED - LTSB","GST-05030-26-27","2026-06-08","GST050302627","SALES BILL FOUND"
"2026-06-08","SPEEDY MULTIMODES LTD.","27AABCS4966R1ZH","Purchase","487/26-27",11000.00,0.00,990.00,990.00,0.00,1980.00,"EX 0071/26",,,,"EPI001029/26-27S","2026-06-08","EPI0010292627S","SALES BILL PENDING"
"2026-06-09","AIR INDIA AIR TRANSPORT SERVICES LIMITED","27AAECA6186G1ZJ","Purchase","444/26-27",5792.00,0.00,521.28,521.28,0.00,1042.56,"AI 0171/26","2026-06-25","1126/26-27","CELLO WRITING AND STATIONERY PRIVATE LIMITED","BOMIB2627028300","2026-06-09","BOMIB2627028300","SALES BILL FOUND"
"2026-06-09","MUMBAI PORT TRUST - GATE PASS","27AAATM5001D1Z6","Purchase","593/26-27",13.00,0.00,1.17,1.17,0.00,2.34,,,,,"2627ACO000055132","2026-06-09","2627ACO000055132","COST CENTRE NOT ALLOCATED"
"2026-06-09","MUMBAI PORT TRUST - PORTEBS","27AAATM5001D1Z6","Purchase","466/26-27",368.60,0.00,33.17,33.17,0.00,66.34,"IC 0404/26","2026-06-24","1092/26-27","L&T MHI POWER BOILERS PVT LTD","9010067097","2026-06-09","9010067097","SALES BILL FOUND"
"2026-06-09","MUMBAI PORT TRUST - PORTEBS","27AAATM5001D1Z6","Purchase","467/26-27",5771.50,0.00,519.44,519.44,0.00,1038.88,"IC 0406/26","2026-06-24","1094/26-27","L&T MHI POWER BOILERS PVT LTD","9010067098","2026-06-09","9010067098","SALES BILL FOUND"
"2026-06-09","MUMBAI PORT TRUST - PORTEBS","27AAATM5001D1Z6","Purchase","468/26-27",543.20,0.00,48.89,48.89,0.00,97.78,"IC 0405/26","2026-06-24","1093/26-27","L&T MHI POWER BOILERS PVT LTD","9010067117","2026-06-09","9010067117","SALES BILL FOUND"
"2026-06-09","MUMBAI PORT TRUST - PORTEBS","27AAATM5001D1Z6","Purchase","469/26-27",16724.40,0.00,1505.20,1505.20,0.00,3010.40,"IC 0450/26","2026-06-24","1095/26-27","LARSEN & TOUBRO LTD - RANOLI","9010067149","2026-06-09","9010067149","SALES BILL FOUND"
"2026-06-09","SPEEDY MULTIMODES LTD.","27AABCS4966R1ZH","Purchase","318/26-27",30578.00,0.00,2752.02,2752.02,0.00,5504.04,"EX 0047/26",,,,"EBI001048/26-27S","2026-06-09","EBI0010482627S","SALES BILL PENDING"
"2026-06-09","SPEEDY MULTIMODES LTD.","27AABCS4966R1ZH","Purchase","319/26-27",30578.00,0.00,2752.02,2752.02,0.00,5504.04,"EX 0047/26",,,,"EBI001049/26-27S","2026-06-09","EBI0010492627S","SALES BILL PENDING"
"2026-06-10","MUMBAI PORT TRUST - GATE PASS","27AAATM5001D1Z6","Purchase","594/26-27",13.00,0.00,1.17,1.17,0.00,2.34,,,,,"2627ACO000055923","2026-06-10","2627ACO000055923","COST CENTRE NOT ALLOCATED"
"2026-06-10","MUMBAI PORT TRUST - PORTEBS","27AAATM5001D1Z6","Purchase","470/26-27",154354.10,0.00,13891.87,13891.87,0.00,27783.74,"IC 0498/26","2026-06-24","S/24/A/26-27","LARSEN & TOUBRO LTD - HED HAZIRA","9010067406","2026-06-10","9010067406","SALES BILL FOUND"
"2026-06-11","MUMBAI PORT TRUST - GATE PASS","27AAATM5001D1Z6","Purchase","595/26-27",13.00,0.00,1.17,1.17,0.00,2.34,,,,,"2627ACO000056407","2026-06-11","2627ACO000056407","COST CENTRE NOT ALLOCATED"
"2026-06-11","MUMBAI PORT TRUST - PORTEBS","27AAATM5001D1Z6","Purchase","471/26-27",5975.20,0.00,537.77,537.77,0.00,1075.54,"IC 0474/26","2026-06-26","S/26/A/26-27","LARSEN AND TOUBRO LIMITED- HAZIRA (LT ENERGY HYDROCARBON)","9010067622","2026-06-11","9010067622","SALES BILL FOUND"
"2026-06-11","Mumbai Cargo Service Center Airport Pvt Ltd","27AAKCM9201G1ZF","Purchase","566/26-27",782.00,0.00,70.38,70.38,0.00,140.76,"AE 0007/26","2026-06-26","1154/26-27","ECM LOGISTICS PVT LTD","E262700101678","2026-06-11","E262700101678","SALES BILL FOUND"
"2026-06-11","NEILSHIV LOGISTICS LLP","27AAXFN0010E1ZI","Purchase","398/26-27",115640.00,0.00,0.00,0.00,0.00,0.00,"IC 0311/26","2026-06-11","916/26-27","LARSEN & TOUBRO LTD - HED HAZIRA","119/26-27","2026-06-11","1192627","SALES BILL FOUND"
"2026-06-11","NEILSHIV LOGISTICS LLP","27AAXFN0010E1ZI","Purchase","399/26-27",76700.00,0.00,0.00,0.00,0.00,0.00,"IC 0311/26","2026-06-11","916/26-27","LARSEN & TOUBRO LTD - HED HAZIRA","120/26-27","2026-06-11","1202627","SALES BILL FOUND"
"2026-06-11","NEILSHIV LOGISTICS LLP","27AAXFN0010E1ZI","Purchase","400/26-27",10030.00,0.00,0.00,0.00,0.00,0.00,"AI 0159/26","2026-06-11","918/26-27","ALLIED SAFETY EQUIPMENTS PVT LTD","121/26-27","2026-06-11","1212627","SALES BILL FOUND"
"2026-06-11","NEILSHIV LOGISTICS LLP","27AAXFN0010E1ZI","Purchase","401/26-27",4484.00,0.00,0.00,0.00,0.00,0.00,"AI 0178/26","2026-06-11","919/26-27","PARAS CHEMCARE","122/26-27","2026-06-11","1222627","SALES BILL FOUND"
"2026-06-11","NEILSHIV LOGISTICS LLP","27AAXFN0010E1ZI","Purchase","402/26-27",34456.00,0.00,0.00,0.00,0.00,0.00,"IC 0347/26","2026-06-11","926/26-27","INDIAN WRITTING INSTRUMENT P.LTD","123/26-27","2026-06-11","1232627","SALES BILL FOUND"
"2026-06-11","NEILSHIV LOGISTICS LLP","27AAXFN0010E1ZI","Purchase","397/26-27",2655.00,0.00,0.00,0.00,0.00,0.00,"IC 0347/26","2026-06-11","926/26-27","INDIAN WRITTING INSTRUMENT P.LTD","4/R/26-27","2026-06-11","4R2627","SALES BILL FOUND"
"2026-06-11","PARAMOUNT SHIPPING SERVICES PVT LTD.","33AAECP5649R1ZQ","Purchase","439/26-27",67560.00,12160.80,0.00,0.00,0.00,12160.80,"CH 0065/26","2026-06-18","1039/A/26-27","LARSEN & TOUBRO LTD. (COIMBATORE)","GST-05301-26-27","2026-06-11","GST053012627","SALES BILL FOUND"
"2026-06-12","MUMBAI PORT TRUST - GATE PASS","27AAATM5001D1Z6","Purchase","596/26-27",91.00,0.00,8.19,8.19,0.00,16.38,,,,,"2627ACO000057251","2026-06-12","2627ACO000057251","COST CENTRE NOT ALLOCATED"
"2026-06-12","Mumbai Cargo Service Center Airport Pvt Ltd","27AAKCM9201G1ZF","Purchase","567/26-27",440.00,0.00,39.60,39.60,0.00,79.20,"AE 0008/26",,,,"E262700103513","2026-06-12","E262700103513","SALES BILL PENDING"
"2026-06-12","NEILSHIV LOGISTICS LLP","27AAXFN0010E1ZI","Purchase","403/26-27",25665.00,0.00,0.00,0.00,0.00,0.00,"IC 0441/26","2026-06-12","S/23/A/26-27","LARSEN & TOUBRO LTD - HED HAZIRA","124/26-27","2026-06-12","1242627","SALES BILL FOUND"
"2026-06-15","AIR INDIA AIR TRANSPORT SERVICES LIMITED","27AAECA6186G1ZJ","Purchase","445/26-27",968.00,0.00,87.12,87.12,0.00,174.24,"AI 0191/26","2026-06-27","1166/26-27","MODI CHEMPLAST MATERIALS PVT LTD.","BOMIB2627030408","2026-06-15","BOMIB2627030408","SALES BILL FOUND"
"2026-06-15","AIR INDIA AIR TRANSPORT SERVICES LIMITED","27AAECA6186G1ZJ","Purchase","446/26-27",679.00,0.00,61.11,61.11,0.00,122.22,"AI 0197/26","2026-06-29","1171/26-27","PARAS CHEMCARE","BOMIB2627030421","2026-06-15","BOMIB2627030421","SALES BILL FOUND"
"2026-06-15","NEILSHIV LOGISTICS LLP","27AAXFN0010E1ZI","Purchase","405/26-27",35990.00,0.00,0.00,0.00,0.00,0.00,"IC 0438/26","2026-06-15","979/26-27","INDIAN WRITTING INSTRUMENT P.LTD","125/26-27","2026-06-15","1252627","SALES BILL FOUND"
"2026-06-15","NEILSHIV LOGISTICS LLP","27AAXFN0010E1ZI","Purchase","406/26-27",73933.00,0.00,0.00,0.00,0.00,0.00,"IC 0276/26","2026-06-15","980/26-27","INDIAN WRITTING INSTRUMENT P.LTD","126/26-27","2026-06-15","1262627","SALES BILL FOUND"
"2026-06-15","NEILSHIV LOGISTICS LLP","27AAXFN0010E1ZI","Purchase","407/26-27",53100.00,0.00,0.00,0.00,0.00,0.00,"IC 0338/26","2026-06-15","965/26-27","L&T MHI POWER BOILERS PVT LTD","127/26-27","2026-06-15","1272627","SALES BILL FOUND"
"2026-06-15","NEILSHIV LOGISTICS LLP","27AAXFN0010E1ZI","Purchase","408/26-27",63720.00,0.00,0.00,0.00,0.00,0.00,"IC 0338/26","2026-06-15","965/26-27","L&T MHI POWER BOILERS PVT LTD","128/26-27","2026-06-15","1282627","SALES BILL FOUND"
"2026-06-15","NEILSHIV LOGISTICS LLP","27AAXFN0010E1ZI","Purchase","409/26-27",4720.00,0.00,0.00,0.00,0.00,0.00,"IC 0421/26","2026-06-15","966/26-27","JYOTI CNC AUTOMATION LTD. - RAJKOT","129/26-27","2026-06-15","1292627","SALES BILL FOUND"
"2026-06-15","NEILSHIV LOGISTICS LLP","27AAXFN0010E1ZI","Purchase","404/26-27",9204.00,0.00,0.00,0.00,0.00,0.00,"IC 0338/26","2026-06-15","965/26-27","L&T MHI POWER BOILERS PVT LTD","5/R/26-27","2026-06-15","5R2627","SALES BILL FOUND"
"2026-06-15","RYSUN LABS PRIVATE LIMITED","24AADCK2319L1ZM","Purchase","381/26-27",25000.00,4500.00,0.00,0.00,0.00,4500.00,,,,,"RL-2627-074","2026-06-15","RL2627074","COST CENTRE NOT ALLOCATED"
"2026-06-16","AIR INDIA AIR TRANSPORT SERVICES LIMITED","27AAECA6186G1ZJ","Purchase","447/26-27",273.46,0.00,24.61,24.61,0.00,49.22,"AI 0191/26","2026-06-27","1166/26-27","MODI CHEMPLAST MATERIALS PVT LTD.","BOMIB2627030878","2026-06-16","BOMIB2627030878","SALES BILL FOUND"
"2026-06-16","AIR INDIA AIR TRANSPORT SERVICES LIMITED","27AAECA6186G1ZJ","Purchase","448/26-27",250.00,0.00,22.50,22.50,0.00,45.00,"AI 0197/26","2026-06-29","1171/26-27","PARAS CHEMCARE","BOMIB2627030896","2026-06-16","BOMIB2627030896","SALES BILL FOUND"
"2026-06-16","MUMBAI PORT TRUST - PORTEBS","27AAATM5001D1Z6","Purchase","472/26-27",310402.20,0.00,27936.20,27936.20,0.00,55872.40,"IC 0428/26","2026-06-26","S/25/A/26-27","LARSEN AND TOUBRO LIMITED- HAZIRA (LT ENERGY HYDROCARBON)","9010068399","2026-06-16","9010068399","SALES BILL FOUND"
"2026-06-17","AIR INDIA AIR TRANSPORT SERVICES LIMITED","27AAECA6186G1ZJ","Purchase","449/26-27",732.42,0.00,65.92,65.92,0.00,131.84,"AI 0198/26","2026-06-29","1172/26-27","PARAS CHEMCARE","BOMIB2627031584","2026-06-17","BOMIB2627031584","SALES BILL FOUND"
"2026-06-18","AIR INDIA AIR TRANSPORT SERVICES LIMITED","27AAECA6186G1ZJ","Purchase","450/26-27",14504.00,0.00,1305.36,1305.36,0.00,2610.72,"AI 0185/26",,,,"BOMIB2627032092","2026-06-18","BOMIB2627032092","SALES BILL PENDING"
"2026-06-18","Mumbai Cargo Service Center Airport Pvt Ltd","27AAKCM9201G1ZF","Purchase","568/26-27",440.00,0.00,39.60,39.60,0.00,79.20,"AE 0015/26","2026-06-30","1194/26-27","LARSEN AND TOUBRO LIMITED, LT ENERGY HYDROCARBON - HPCL RUF","E262700113638","2026-06-18","E262700113638","SALES BILL FOUND"
"2026-06-18","Mumbai Cargo Service Center Airport Pvt Ltd","27AAKCM9201G1ZF","Purchase","569/26-27",782.00,0.00,70.38,70.38,0.00,140.76,"AE 0014/26","2026-06-26","1152/A/26-27","LARSEN AND TOUBRO LIMITED, LT ENERGY HYDROCARBON - VADODARA","E262700113738","2026-06-18","E262700113738","SALES BILL FOUND"
"2026-06-18","NEILSHIV LOGISTICS LLP","27AAXFN0010E1ZI","Purchase","410/26-27",47200.00,0.00,0.00,0.00,0.00,0.00,"CH 0051/26","2026-06-18","1036/26-27","GPS RENEWABLES PRIVATE LIMITED","130/26-27","2026-06-18","1302627","SALES BILL FOUND"
"2026-06-18","NEILSHIV LOGISTICS LLP","27AAXFN0010E1ZI","Purchase","411/26-27",13000.00,0.00,0.00,0.00,0.00,0.00,"CH 0048/26","2026-06-18","1041/26-27","LARSEN & TOUBRO LIMITED - LTSB","131/26-27","2026-06-18","1312627","SALES BILL FOUND"
"2026-06-18","SPEEDY MULTIMODES LTD.","27AABCS4966R1ZH","Purchase","478/26-27",62000.00,0.00,5580.00,5580.00,0.00,11160.00,"EX 0077/26",,,,"EPI000189/26-27S","2026-06-18","EPI0001892627S","SALES BILL PENDING"
"2026-06-19","MUMBAI PORT TRUST - GATE PASS","27AAATM5001D1Z6","Purchase","597/26-27",91.00,0.00,8.19,8.19,0.00,16.38,,,,,"2627ACO000061284","2026-06-19","2627ACO000061284","COST CENTRE NOT ALLOCATED"
"2026-06-19","Mumbai Cargo Service Center Airport Pvt Ltd","27AAKCM9201G1ZF","Purchase","570/26-27",8492.00,0.00,764.28,764.28,0.00,1528.56,"AE 0020/26",,,,"E262700115300","2026-06-19","E262700115300","SALES BILL PENDING"
"2026-06-19","Mumbai Cargo Service Center Airport Pvt Ltd","27AAKCM9201G1ZF","Purchase","571/26-27",440.00,0.00,39.60,39.60,0.00,79.20,"AE 0017/26","2026-06-26","1153/A/26-27","LARSEN AND TOUBRO LIMITED, LT ENERGY HYDROCARBON - VADODARA","E262700115391","2026-06-19","E262700115391","SALES BILL FOUND"
"2026-06-19","Mumbai Cargo Service Center Airport Pvt Ltd","27AAKCM9201G1ZF","Purchase","572/26-27",250.00,0.00,22.50,22.50,0.00,45.00,"AE 0020/26",,,,"E262700116214","2026-06-19","E262700116214","SALES BILL PENDING"
"2026-06-19","SPEEDY MULTIMODES LTD.","27AABCS4966R1ZH","Purchase","479/26-27",129000.00,0.00,11610.00,11610.00,0.00,23220.00,"EX 0072/26",,,,"EPI000191/26-27S","2026-06-19","EPI0001912627S","SALES BILL PENDING"
"2026-06-19","SPEEDY MULTIMODES LTD.","27AABCS4966R1ZH","Purchase","485/26-27",27750.00,0.00,2497.50,2497.50,0.00,4995.00,"EX 0081/26",,,,"EPI000192/26-27S","2026-06-19","EPI0001922627S","SALES BILL PENDING"
"2026-06-19","SPEEDY MULTIMODES LTD.","27AABCS4966R1ZH","Purchase","486/26-27",35000.00,0.00,3150.00,3150.00,0.00,6300.00,"EX 0080/26",,,,"EPI000193/26-27S","2026-06-19","EPI0001932627S","SALES BILL PENDING"
"2026-06-20","AIR INDIA AIR TRANSPORT SERVICES LIMITED","27AAECA6186G1ZJ","Purchase","451/26-27",180.00,0.00,16.20,16.20,0.00,32.40,"AI 0209/26",,,,"BOMIB2627033023","2026-06-20","BOMIB2627033023","SALES BILL PENDING"
"2026-06-20","NEILSHIV LOGISTICS LLP","27AAXFN0010E1ZI","Purchase","412/26-27",4720.00,0.00,0.00,0.00,0.00,0.00,"IC 0181/26","2026-06-20","1079/26-27","JYOTI CNC AUTOMATION LTD. - RAJKOT","133/26-27","2026-06-20","1332627","SALES BILL FOUND"
"2026-06-20","NEILSHIV LOGISTICS LLP","27AAXFN0010E1ZI","Purchase","413/26-27",35400.00,0.00,0.00,0.00,0.00,0.00,"IC 0256/26","2026-06-20","1080/26-27","L&T MHI POWER BOILERS PVT LTD","134/26-27","2026-06-20","1342627","SALES BILL FOUND"
"2026-06-20","NEILSHIV LOGISTICS LLP","27AAXFN0010E1ZI","Purchase","414/26-27",59708.00,0.00,0.00,0.00,0.00,0.00,"IC 0256/26","2026-06-20","1080/26-27","L&T MHI POWER BOILERS PVT LTD","135/26-27","2026-06-20","1352627","SALES BILL FOUND"
"2026-06-20","NEILSHIV LOGISTICS LLP","27AAXFN0010E1ZI","Purchase","415/26-27",35400.00,0.00,0.00,0.00,0.00,0.00,"IC 0256/26","2026-06-20","1080/26-27","L&T MHI POWER BOILERS PVT LTD","136/26-27","2026-06-20","1362627","SALES BILL FOUND"
"2026-06-20","NEILSHIV LOGISTICS LLP","27AAXFN0010E1ZI","Purchase","416/26-27",106200.00,0.00,0.00,0.00,0.00,0.00,"IC 0349/26","2026-06-20","1081/26-27","L&T MHI POWER BOILERS PVT LTD","137/26-27","2026-06-20","1372627","SALES BILL FOUND"
"2026-06-20","NEILSHIV LOGISTICS LLP","27AAXFN0010E1ZI","Purchase","417/26-27",79321.00,0.00,0.00,0.00,0.00,0.00,"IC 0349/26","2026-06-20","1081/26-27","L&T MHI POWER BOILERS PVT LTD","138/26-27","2026-06-20","1382627","SALES BILL FOUND"
"2026-06-20","NEILSHIV LOGISTICS LLP","27AAXFN0010E1ZI","Purchase","418/26-27",86401.00,0.00,0.00,0.00,0.00,0.00,"IC 0349/26","2026-06-20","1081/26-27","L&T MHI POWER BOILERS PVT LTD","139/26-27","2026-06-20","1392627","SALES BILL FOUND"
"2026-06-20","NEILSHIV LOGISTICS LLP","27AAXFN0010E1ZI","Purchase","419/26-27",35400.00,0.00,0.00,0.00,0.00,0.00,"IC 0349/26","2026-06-20","1081/26-27","L&T MHI POWER BOILERS PVT LTD","140/26-27","2026-06-20","1402627","SALES BILL FOUND"
"2026-06-22","AIR INDIA AIR TRANSPORT SERVICES LIMITED","27AAECA6186G1ZJ","Purchase","452/26-27",482.00,0.00,43.38,43.38,0.00,86.76,"AI 0216/26",,,,"BOMIB2627033575","2026-06-22","BOMIB2627033575","SALES BILL PENDING"
"2026-06-22","MARATHA CARGO MOVERS","","Purchase","635/26-27",41598.00,0.00,0.00,0.00,0.00,0.00,"IC 0467/26",,,,"11071","2026-06-22","11071","SALES BILL PENDING"
"2026-06-22","MUMBAI PORT TRUST - GATE PASS","27AAATM5001D1Z6","Purchase","598/26-27",130.00,0.00,11.70,11.70,0.00,23.40,,,,,"2627ACO000063120","2026-06-22","2627ACO000063120","COST CENTRE NOT ALLOCATED"
"2026-06-22","Mumbai Cargo Service Center Airport Pvt Ltd","27AAKCM9201G1ZF","Purchase","573/26-27",440.00,0.00,39.60,39.60,0.00,79.20,"AE 0019/26",,,,"E262700120091","2026-06-22","E262700120091","SALES BILL PENDING"
"2026-06-22","NEILSHIV LOGISTICS LLP","27AAXFN0010E1ZI","Purchase","491/26-27",7500.00,0.00,0.00,0.00,0.00,0.00,"CH 0047/26","2026-06-22","S/275/26-27","LARSEN & TOUBRO LIMITED - LTSB","144/26-27","2026-06-22","1442627","SALES BILL FOUND"
"2026-06-23","MUMBAI PORT TRUST - GATE PASS","27AAATM5001D1Z6","Purchase","599/26-27",13.00,0.00,1.17,1.17,0.00,2.34,,,,,"2627ACO000063440","2026-06-23","2627ACO000063440","COST CENTRE NOT ALLOCATED"
"2026-06-23","SPEEDY MULTIMODES LTD.","27AABCS4966R1ZH","Purchase","481/26-27",102000.00,0.00,9180.00,9180.00,0.00,18360.00,"EX 0048/26",,,,"EBI001128/26-27S","2026-06-23","EBI0011282627S","SALES BILL PENDING"
"2026-06-23","SPEEDY MULTIMODES LTD.","27AABCS4966R1ZH","Purchase","480/26-27",26000.00,0.00,2340.00,2340.00,0.00,4680.00,"EX 0088/26",,,,"EPI000195/26-27S","2026-06-23","EPI0001952627S","SALES BILL PENDING"
"2026-06-24","AIR INDIA AIR TRANSPORT SERVICES LIMITED","27AAECA6186G1ZJ","Purchase","453/26-27",2600.00,0.00,234.00,234.00,0.00,468.00,"AI 0223/26",,,,"BOMIB2627034523","2026-06-24","BOMIB2627034523","SALES BILL PENDING"
"2026-06-24","MUMBAI PORT TRUST - PORTEBS","27AAATM5001D1Z6","Purchase","473/26-27",206290.40,0.00,18566.14,18566.14,0.00,37132.28,"IC 0549/26",,,,"9010069334","2026-06-24","9010069334","SALES BILL PENDING"
"2026-06-24","NEILSHIV LOGISTICS LLP","27AAXFN0010E1ZI","Purchase","492/26-27",31388.00,0.00,0.00,0.00,0.00,0.00,"IC 0406/26","2026-06-24","1094/26-27","L&T MHI POWER BOILERS PVT LTD","145/26-27","2026-06-24","1452627","SALES BILL FOUND"
"2026-06-24","NEILSHIV LOGISTICS LLP","27AAXFN0010E1ZI","Purchase","493/26-27",18880.00,0.00,0.00,0.00,0.00,0.00,"IC 0406/26","2026-06-24","1094/26-27","L&T MHI POWER BOILERS PVT LTD","146/26-27","2026-06-24","1462627","SALES BILL FOUND"
"2026-06-24","NEILSHIV LOGISTICS LLP","27AAXFN0010E1ZI","Purchase","494/26-27",17700.00,0.00,0.00,0.00,0.00,0.00,"IC 0450/26","2026-06-24","1095/26-27","LARSEN & TOUBRO LTD - RANOLI","147/26-27","2026-06-24","1472627","SALES BILL FOUND"
"2026-06-24","NEILSHIV LOGISTICS LLP","27AAXFN0010E1ZI","Purchase","495/26-27",43365.00,0.00,0.00,0.00,0.00,0.00,"IC 0498/26","2026-06-24","S/24/A/26-27","LARSEN & TOUBRO LTD - HED HAZIRA","148/26-27","2026-06-24","1482627","SALES BILL FOUND"
"2026-06-24","NEILSHIV LOGISTICS LLP","27AAXFN0010E1ZI","Purchase","496/26-27",17700.00,0.00,0.00,0.00,0.00,0.00,"IC 0498/26","2026-06-24","S/24/A/26-27","LARSEN & TOUBRO LTD - HED HAZIRA","149/26-27","2026-06-24","1492627","SALES BILL FOUND"
"2026-06-24","NEILSHIV LOGISTICS LLP","27AAXFN0010E1ZI","Purchase","497/26-27",6490.00,0.00,0.00,0.00,0.00,0.00,"AI 0135/26","2026-06-24","1116/26-27","MODI CHEMPLAST MATERIALS PVT LTD.","150/26-27","2026-06-24","1502627","SALES BILL FOUND"
"2026-06-24","NEILSHIV LOGISTICS LLP","27AAXFN0010E1ZI","Purchase","498/26-27",7670.00,0.00,0.00,0.00,0.00,0.00,"AI 0158/26","2026-06-24","1118/26-27","MODI CHEMPLAST MATERIALS PVT LTD.","151/26-27","2026-06-24","1512627","SALES BILL FOUND"
"2026-06-25","AIR INDIA AIR TRANSPORT SERVICES LIMITED","27AAECA6186G1ZJ","Purchase","454/26-27",320.00,0.00,28.80,28.80,0.00,57.60,"AI 0214/26",,,,"BOMIB2627035079","2026-06-25","BOMIB2627035079","SALES BILL PENDING"
"2026-06-25","AIR INDIA AIR TRANSPORT SERVICES LIMITED","27AAECA6186G1ZJ","Purchase","455/26-27",316.00,0.00,28.44,28.44,0.00,56.88,"AI 0229/26",,,,"BOMIB2627035166","2026-06-25","BOMIB2627035166","SALES BILL PENDING"
"2026-06-25","AIR INDIA AIR TRANSPORT SERVICES LIMITED","27AAECA6186G1ZJ","Purchase","456/26-27",1500.00,0.00,135.00,135.00,0.00,270.00,"AI 0224/26",,,,"BOMIB2627035182","2026-06-25","BOMIB2627035182","SALES BILL PENDING"
"2026-06-25","AIR INDIA AIR TRANSPORT SERVICES LIMITED","27AAECA6186G1ZJ","Purchase","457/26-27",165.00,0.00,14.85,14.85,0.00,29.70,"AE 0016/26",,,,"BOMIT2627023955","2026-06-25","BOMIT2627023955","SALES BILL PENDING"
"2026-06-25","MARATHA CARGO MOVERS","","Purchase","636/26-27",24400.00,0.00,0.00,0.00,0.00,0.00,"IC 0566/26",,,,"11077","2026-06-25","11077","SALES BILL PENDING"
"2026-06-26","MUMBAI PORT TRUST - GATE PASS","27AAATM5001D1Z6","Purchase","600/26-27",26.00,0.00,2.34,2.34,0.00,4.68,,,,,"2627ACO000065170","2026-06-26","2627ACO000065170","COST CENTRE NOT ALLOCATED"
"2026-06-26","NEILSHIV LOGISTICS LLP","27AAXFN0010E1ZI","Purchase","499/26-27",43365.00,0.00,0.00,0.00,0.00,0.00,"IC 0428/26","2026-06-26","S/25/A/26-27","LARSEN AND TOUBRO LIMITED- HAZIRA (LT ENERGY HYDROCARBON)","152/26-27","2026-06-26","1522627","SALES BILL FOUND"
"2026-06-26","NEILSHIV LOGISTICS LLP","27AAXFN0010E1ZI","Purchase","500/26-27",43365.00,0.00,0.00,0.00,0.00,0.00,"IC 0428/26","2026-06-26","S/25/A/26-27","LARSEN AND TOUBRO LIMITED- HAZIRA (LT ENERGY HYDROCARBON)","153/26-27","2026-06-26","1532627","SALES BILL FOUND"
"2026-06-26","NEILSHIV LOGISTICS LLP","27AAXFN0010E1ZI","Purchase","501/26-27",43365.00,0.00,0.00,0.00,0.00,0.00,"IC 0428/26","2026-06-26","S/25/A/26-27","LARSEN AND TOUBRO LIMITED- HAZIRA (LT ENERGY HYDROCARBON)","154/26-27","2026-06-26","1542627","SALES BILL FOUND"
"2026-06-26","NEILSHIV LOGISTICS LLP","27AAXFN0010E1ZI","Purchase","503/26-27",17700.00,0.00,0.00,0.00,0.00,0.00,"IC 0428/26","2026-06-26","S/25/A/26-27","LARSEN AND TOUBRO LIMITED- HAZIRA (LT ENERGY HYDROCARBON)","155/26-27","2026-06-26","1552627","SALES BILL FOUND"
"2026-06-26","NEILSHIV LOGISTICS LLP","27AAXFN0010E1ZI","Purchase","504/26-27",43365.00,0.00,0.00,0.00,0.00,0.00,"IC 0474/26","2026-06-26","S/26/A/26-27","LARSEN AND TOUBRO LIMITED- HAZIRA (LT ENERGY HYDROCARBON)","156/-26-27","2026-06-26","1562627","SALES BILL FOUND"
"2026-06-26","NEILSHIV LOGISTICS LLP","27AAXFN0010E1ZI","Purchase","505/26-27",43365.00,0.00,0.00,0.00,0.00,0.00,"IC 0474/26","2026-06-26","S/26/A/26-27","LARSEN AND TOUBRO LIMITED- HAZIRA (LT ENERGY HYDROCARBON)","157/26-27","2026-06-26","1572627","SALES BILL FOUND"
"2026-06-26","NEILSHIV LOGISTICS LLP","27AAXFN0010E1ZI","Purchase","506/26-27",17700.00,0.00,0.00,0.00,0.00,0.00,"IC 0474/26","2026-06-26","S/26/A/26-27","LARSEN AND TOUBRO LIMITED- HAZIRA (LT ENERGY HYDROCARBON)","158/26-27","2026-06-26","1582627","SALES BILL FOUND"
"2026-06-26","NEILSHIV LOGISTICS LLP","27AAXFN0010E1ZI","Purchase","507/26-27",43365.00,0.00,0.00,0.00,0.00,0.00,"IC 0474/26","2026-06-26","S/26/A/26-27","LARSEN AND TOUBRO LIMITED- HAZIRA (LT ENERGY HYDROCARBON)","159/26-27","2026-06-26","1592627","SALES BILL FOUND"
"2026-06-26","NEILSHIV LOGISTICS LLP","27AAXFN0010E1ZI","Purchase","508/26-27",17700.00,0.00,0.00,0.00,0.00,0.00,"IC 0474/26","2026-06-26","S/26/A/26-27","LARSEN AND TOUBRO LIMITED- HAZIRA (LT ENERGY HYDROCARBON)","160/26-27","2026-06-26","1602627","SALES BILL FOUND"
"2026-06-26","NEILSHIV LOGISTICS LLP","27AAXFN0010E1ZI","Purchase","509/26-27",17700.00,0.00,0.00,0.00,0.00,0.00,"IC 0474/26","2026-06-26","S/26/A/26-27","LARSEN AND TOUBRO LIMITED- HAZIRA (LT ENERGY HYDROCARBON)","161/26-27","2026-06-26","1612627","SALES BILL FOUND"
"2026-06-27","AIR INDIA AIR TRANSPORT SERVICES LIMITED","27AAECA6186G1ZJ","Purchase","580/26-27",250.00,0.00,22.50,22.50,0.00,45.00,"AI 0229/26",,,,"BOMIB2627035721","2026-06-27","BOMIB2627035721","SALES BILL PENDING"
"2026-06-27","AIR INDIA AIR TRANSPORT SERVICES LIMITED","27AAECA6186G1ZJ","Purchase","581/26-27",250.00,0.00,22.50,22.50,0.00,45.00,"AI 0214/26",,,,"BOMIB2627035725","2026-06-27","BOMIB2627035725","SALES BILL PENDING"
"2026-06-27","AIR INDIA AIR TRANSPORT SERVICES LIMITED","27AAECA6186G1ZJ","Purchase","582/26-27",2192.00,0.00,197.28,197.28,0.00,394.56,"AI 0204/26",,,,"BOMIB2627035770","2026-06-27","BOMIB2627035770","SALES BILL PENDING"
"2026-06-27","ECM LOGISTICS PVT LTD - CR","27AABCA0098C1Z3","Purchase","420/26-27",16095.00,0.00,1448.55,1448.55,0.00,2897.10,"EX 0075/26",,,,"GEN/025/A/26-27","2026-06-27","GEN025A2627","SALES BILL PENDING"
"2026-06-27","MUMBAI PORT TRUST - GATE PASS","27AAATM5001D1Z6","Purchase","601/26-27",13.00,0.00,1.17,1.17,0.00,2.34,,,,,"2627ACO000065717","2026-06-27","2627ACO000065717","COST CENTRE NOT ALLOCATED"
"2026-06-27","NEILSHIV LOGISTICS LLP","27AAXFN0010E1ZI","Purchase","510/26-27",6490.00,0.00,0.00,0.00,0.00,0.00,"AI 0191/26","2026-06-27","1166/26-27","MODI CHEMPLAST MATERIALS PVT LTD.","162/26-27","2026-06-27","1622627","SALES BILL FOUND"
"2026-06-27","NEILSHIV LOGISTICS LLP","27AAXFN0010E1ZI","Purchase","511/26-27",2596.00,0.00,0.00,0.00,0.00,0.00,"AI 0192/26","2026-06-29","1170/26-27","QUENT CHEM","163/26-27","2026-06-27","1632627","SALES BILL FOUND"
"2026-06-27","NEILSHIV LOGISTICS LLP","27AAXFN0010E1ZI","Purchase","512/26-27",2596.00,0.00,0.00,0.00,0.00,0.00,"AI 0197/26","2026-06-29","1171/26-27","PARAS CHEMCARE","164/26-27","2026-06-27","1642627","SALES BILL FOUND"
"2026-06-27","NEILSHIV LOGISTICS LLP","27AAXFN0010E1ZI","Purchase","513/26-27",2596.00,0.00,0.00,0.00,0.00,0.00,"AI 0198/26","2026-06-29","1172/26-27","PARAS CHEMCARE","165/26-27","2026-06-27","1652627","SALES BILL FOUND"
"2026-06-27","NEILSHIV LOGISTICS LLP","27AAXFN0010E1ZI","Purchase","514/26-27",10030.00,0.00,0.00,0.00,0.00,0.00,"AI 0189/26","2026-06-29","1181/26-27","ALLIED SAFETY EQUIPMENTS PVT LTD","166/26-27","2026-06-27","1662627","SALES BILL FOUND"
"2026-06-27","NEILSHIV LOGISTICS LLP","27AAXFN0010E1ZI","Purchase","515/26-27",2596.00,0.00,0.00,0.00,0.00,0.00,"AI 0145/26","2026-06-27","1167/26-27","MODI CHEMPLAST MATERIALS PVT LTD.","167/26-27","2026-06-27","1672627","SALES BILL FOUND"
"2026-06-28","MUMBAI PORT TRUST - GATE PASS","27AAATM5001D1Z6","Purchase","602/26-27",26.00,0.00,2.34,2.34,0.00,4.68,,,,,"2726ACO000066178","2026-06-28","2726ACO000066178","COST CENTRE NOT ALLOCATED"
"2026-06-28","Mumbai Cargo Service Center Airport Pvt Ltd","27AAKCM9201G1ZF","Purchase","574/26-27",165.00,0.00,14.85,14.85,0.00,29.70,"AE 0022/26",,,,"E262700130199","2026-06-28","E262700130199","SALES BILL PENDING"
"2026-06-28","Mumbai Cargo Service Center Airport Pvt Ltd","27AAKCM9201G1ZF","Purchase","575/26-27",612.70,0.00,55.14,55.14,0.00,110.28,"AE 0022/26",,,,"E262700130439","2026-06-28","E262700130439","SALES BILL PENDING"
"2026-06-28","Mumbai Cargo Service Center Airport Pvt Ltd","27AAKCM9201G1ZF","Purchase","576/26-27",100.00,0.00,9.00,9.00,0.00,18.00,"AE 0022/26",,,,"E262700130440","2026-06-28","E262700130440","SALES BILL PENDING"
"2026-06-29","SPEEDY MULTIMODES LTD.","27AABCS4966R1ZH","Purchase","488/26-27",14500.00,0.00,1305.00,1305.00,0.00,2610.00,"EX 0093/26",,,,"EPI001192/26-27S","2026-06-29","EPI0011922627S","SALES BILL PENDING"
"2026-06-29","SPEEDY MULTIMODES LTD.","27AABCS4966R1ZH","Purchase","489/26-27",14500.00,0.00,1305.00,1305.00,0.00,2610.00,"EX 0090/26",,,,"EPI001193/26-27S","2026-06-29","EPI0011932627S","SALES BILL PENDING"
"2026-06-30","AIR INDIA AIR TRANSPORT SERVICES LIMITED","27AAECA6186G1ZJ","Purchase","583/26-27",778.00,0.00,70.02,70.02,0.00,140.04,"AI 0239/26",,,,"BOMIB2627036802","2026-06-30","BOMIB2627036802","SALES BILL PENDING"
"2026-06-30","CHAMUNDA STATIONERY & XEROX","27AJPPA9382B1Z4","Purchase","563/26-27",2020.00,0.00,181.80,181.80,0.00,363.60,,,,,"26-27/00107","2026-06-30","262700107","COST CENTRE NOT ALLOCATED"
"2026-06-30","ECM LOGISTICS PVT LTD - CR","27AABCA0098C1Z3","Purchase","482/26-27",3500.00,0.00,315.00,315.00,0.00,630.00,"EX 0075/26",,,,"GEN/026/A/26-27","2026-06-30","GEN026A2627","SALES BILL PENDING"
"2026-06-30","K H THAKKAR","27AMKPT2185P1Z4","Purchase","585/26-27",1380.00,0.00,34.50,34.50,0.00,69.00,,,,,"26-27/A/111","2026-06-30","2627A111","COST CENTRE NOT ALLOCATED"
"2026-06-30","MICRO POINT SYSTEM","27ABEPS5627A1ZS","Purchase","483/26-27",508.48,0.00,45.76,45.76,0.00,91.52,,,,,"MP/GST/0282","2026-06-30","MPGST0282","COST CENTRE NOT ALLOCATED"
"2026-06-30","MUMBAI PORT TRUST - GATE PASS","27AAATM5001D1Z6","Purchase","603/26-27",13.00,0.00,1.17,1.17,0.00,2.34,,,,,"2627ACO000066960","2026-06-30","2627ACO000066960","COST CENTRE NOT ALLOCATED"
"2026-06-30","MUMBAI PORT TRUST - PORTEBS","27AAATM5001D1Z6","Purchase","474/26-27",39358.70,0.00,3542.28,3542.28,0.00,7084.56,"IC 0589/26",,,,"9010070055","2026-06-30","9010070055","SALES BILL PENDING"
"2026-06-30","MUMBAI PORT TRUST - PORTEBS","27AAATM5001D1Z6","Purchase","475/26-27",7036.80,0.00,633.31,633.31,0.00,1266.62,"IC 0591/26",,,,"9010070056","2026-06-30","9010070056","SALES BILL PENDING"
"2026-06-30","Mumbai Cargo Service Center Airport Pvt Ltd","27AAKCM9201G1ZF","Purchase","577/26-27",440.00,0.00,39.60,39.60,0.00,79.20,"AE 0013/26",,,,"E262700132850","2026-06-30","E262700132850","SALES BILL PENDING"
"2026-06-30","Mumbai Cargo Service Center Airport Pvt Ltd","27AAKCM9201G1ZF","Purchase","578/26-27",250.00,0.00,22.50,22.50,0.00,45.00,"AE 0013/26",,,,"E262700133163","2026-06-30","E262700133163","SALES BILL PENDING"
"2026-06-30","Mumbai Cargo Service Center Airport Pvt Ltd","27AAKCM9201G1ZF","Purchase","579/26-27",165.00,0.00,14.85,14.85,0.00,29.70,"AE 0023/26",,,,"E262700134320","2026-06-30","E262700134320","SALES BILL PENDING"
"2026-06-30","NEILSHIV LOGISTICS LLP","27AAXFN0010E1ZI","Purchase","516/26-27",57584.00,0.00,0.00,0.00,0.00,0.00,"IC 0532/26","2026-06-30","1189/26-27","ECS INDUSTRIES PVT LTD","168/26-27","2026-06-30","1682627","SALES BILL FOUND"
"2026-06-30","RYSUN LABS PRIVATE LIMITED","24AADCK2319L1ZM","Purchase","484/26-27",150000.00,27000.00,0.00,0.00,0.00,27000.00,,,,,"RL-2627-091","2026-06-30","RL2627091","COST CENTRE NOT ALLOCATED"
"2026-06-30","SHREE MARUTI INTEGRATED LOGISTICS LIMITED","27AABCM9407D2ZL","Purchase","518/26-27",13537.80,0.00,1218.40,1218.40,0.00,2436.80,,,,,"2627/271892/0208","2026-06-30","26272718920208","COST CENTRE NOT ALLOCATED"
"2026-06-30","VEGITH HR SERVICES PRIVATE LIMITED","27AAICV8889P1ZX","Purchase","517/26-27",23424.00,0.00,2108.16,2108.16,0.00,4216.32,,,,,"VHR/26-27/220","2026-06-30","VHR2627220","COST CENTRE NOT ALLOCATED"
